RUID,CurrentBusStop,DestinationBusStop,Route,Date,Time
117016396,Quads,Werblin Back Entrance,B,03/21/2017,15:49
195828016,Werblin Back Entrance,Livingston Plaza,B,03/21/2017,17:34
175032734,Hill Center,Livingston Student Center,B,03/21/2017,18:01
117005647,Science Building,Library of Science,B,03/21/2017,10:03
152459992,Library of Science,Busch Student Center,B,03/21/2017,13:23
144030104,Busch Suites,Science Building,B,03/21/2017,01:35
173651758,Busch Student Center,Quads,B,03/21/2017,02:17
119535185,Livingston Plaza,Busch Suites,B,03/21/2017,18:47
130774558,Livingston Student Center,Hill Center,B,03/21/2017,16:51
125020016,Quads,Werblin Back Entrance,B,03/21/2017,05:19
152167808,Werblin Back Entrance,Livingston Plaza,B,03/21/2017,23:09
189179627,Hill Center,Livingston Student Center,B,03/21/2017,20:26
186257511,Science Building,Library of Science,B,03/21/2017,00:47
156508138,Library of Science,Busch Student Center,B,03/21/2017,14:38
137021967,Busch Suites,Science Building,B,03/21/2017,01:10
158243035,Busch Student Center,Quads,B,03/21/2017,18:34
159620528,Livingston Plaza,Busch Suites,B,03/21/2017,03:53
176586624,Livingston Student Center,Hill Center,B,03/21/2017,10:01
177118538,Quads,Werblin Back Entrance,B,03/21/2017,10:36
184814712,Werblin Back Entrance,Livingston Plaza,B,03/21/2017,17:52
103158497,Hill Center,Livingston Student Center,B,03/21/2017,08:21
141945025,Science Building,Library of Science,B,03/21/2017,08:18
153317938,Library of Science,Busch Student Center,B,03/21/2017,00:37
143374828,Quads,Science Building,B,03/21/2017,17:00
129584031,Werblin Back Entrance,Quads,B,03/21/2017,05:23
140788526,Hill Center,Busch Suites,B,03/21/2017,18:17
107486497,Science Building,Hill Center,B,03/21/2017,18:26
199760656,Library of Science,Werblin Back Entrance,B,03/21/2017,09:42
105035804,Busch Suites,Livingston Plaza,B,03/21/2017,18:54
122262118,Busch Student Center,Livingston Student Center,B,03/21/2017,22:56
169274253,Livingston Plaza,Library of Science,B,03/21/2017,21:38
184827302,Livingston Student Center,Busch Student Center,B,03/21/2017,13:26
114514539,Quads,Science Building,B,03/21/2017,19:57
120979885,Werblin Back Entrance,Quads,B,03/21/2017,06:29
126211055,Hill Center,Busch Suites,B,03/21/2017,13:23
107781398,Science Building,Hill Center,B,03/21/2017,14:31
186077536,Library of Science,Werblin Back Entrance,B,03/21/2017,04:54
126991563,Busch Suites,Livingston Plaza,B,03/21/2017,04:26
108592803,Busch Student Center,Livingston Student Center,B,03/21/2017,13:09
163969030,Livingston Plaza,Werblin Back Entrance,B,03/21/2017,19:55
149079386,Livingston Student Center,Livingston Plaza,B,03/21/2017,10:33
185470998,Quads,Livingston Student Center,B,03/21/2017,12:46
144673383,Werblin Back Entrance,Library of Science,B,03/21/2017,11:49
176402355,Hill Center,Busch Student Center,B,03/21/2017,14:27
151862803,Science Building,Science Building,B,03/21/2017,15:50
199748381,Library of Science,Quads,B,03/21/2017,15:00
113794986,Quads,Busch Suites,B,03/21/2017,09:40
145988078,Werblin Back Entrance,Hill Center,B,03/21/2017,04:09
159859564,Hill Center,Werblin Back Entrance,B,03/21/2017,10:12
171738905,Science Building,Livingston Plaza,B,03/21/2017,12:31
147641686,Library of Science,Livingston Student Center,B,03/21/2017,17:30
165913487,Busch Suites,Library of Science,B,03/21/2017,13:18
191000816,Busch Student Center,Busch Student Center,B,03/21/2017,01:04
181472221,Livingston Plaza,Science Building,B,03/21/2017,21:12
174282548,Livingston Student Center,Quads,B,03/21/2017,00:34
103810022,Quads,Busch Suites,B,03/21/2017,13:29
174521882,Werblin Back Entrance,Hill Center,B,03/21/2017,13:24
138565729,Hill Center,Werblin Back Entrance,B,03/21/2017,07:29
105051055,Science Building,Livingston Plaza,B,03/21/2017,22:04
111463014,Library of Science,Livingston Student Center,B,03/21/2017,22:15
157938748,Busch Suites,Library of Science,B,03/21/2017,23:06
103344564,Busch Student Center,Busch Student Center,B,03/21/2017,22:41
197277346,Livingston Plaza,Science Building,B,03/21/2017,06:10
180715836,Livingston Student Center,Quads,B,03/21/2017,21:54
122220151,Quads,Busch Suites,B,03/21/2017,10:51
137089419,Werblin Back Entrance,Hill Center,B,03/21/2017,06:00
114500415,Hill Center,Werblin Back Entrance,B,03/21/2017,02:28
144896491,Science Building,Livingston Plaza,B,03/21/2017,03:10
174917048,Library of Science,Livingston Student Center,B,03/21/2017,23:37
176039714,Quads,Library of Science,B,03/21/2017,23:10
192611896,Werblin Back Entrance,Busch Student Center,B,03/21/2017,10:55
146281261,Hill Center,Science Building,B,03/21/2017,09:40
101540023,Science Building,Quads,B,03/21/2017,19:26
144392468,Library of Science,Busch Suites,B,03/21/2017,20:36
156860949,Busch Suites,Hill Center,B,03/21/2017,22:59
158366664,Busch Student Center,Werblin Back Entrance,B,03/21/2017,17:50
101348817,Livingston Plaza,Livingston Plaza,B,03/21/2017,00:18
157237432,Livingston Student Center,Livingston Student Center,B,03/21/2017,17:21
151482545,Quads,Werblin Back Entrance,B,03/21/2017,16:54
104309771,Werblin Back Entrance,Livingston Plaza,B,03/21/2017,10:29
170510967,Hill Center,Livingston Student Center,B,03/21/2017,08:28
190067044,Science Building,Library of Science,B,03/21/2017,16:42
139352976,Library of Science,Busch Student Center,B,03/21/2017,12:17
154742147,Busch Suites,Science Building,B,03/21/2017,14:42
100927878,Busch Student Center,Quads,B,03/21/2017,10:16
139799011,Livingston Plaza,Busch Suites,B,03/21/2017,13:45
146086933,Livingston Student Center,Hill Center,B,03/21/2017,02:57
107133650,Quads,Werblin Back Entrance,B,03/21/2017,17:26
167926526,Werblin Back Entrance,Livingston Plaza,B,03/21/2017,22:34
132916531,Hill Center,Livingston Student Center,B,03/21/2017,07:29
105827658,Science Building,Library of Science,B,03/21/2017,00:33
169865417,Library of Science,Busch Student Center,B,03/21/2017,09:48
108287518,Quads,Science Building,B,03/21/2017,17:23
189977902,Werblin Back Entrance,Quads,B,03/21/2017,21:53
169809709,Hill Center,Busch Suites,B,03/21/2017,12:42
182065105,Science Building,Hill Center,B,03/21/2017,08:02
106140887,Library of Science,Werblin Back Entrance,B,03/21/2017,16:31
197503897,Busch Suites,Livingston Plaza,B,03/21/2017,13:04
127250524,Busch Student Center,Livingston Student Center,B,03/21/2017,12:54
186929975,Livingston Plaza,Library of Science,B,03/21/2017,09:41
123187251,Livingston Student Center,Busch Student Center,B,03/21/2017,08:13
120024754,Quads,Science Building,B,03/21/2017,15:34
179420569,Werblin Back Entrance,Quads,B,03/21/2017,05:43
173826268,Hill Center,Busch Suites,B,03/21/2017,23:43
101310329,Science Building,Hill Center,B,03/21/2017,16:10
163975568,Library of Science,Werblin Back Entrance,B,03/21/2017,00:41
117434901,Busch Suites,Livingston Plaza,B,03/21/2017,21:05
115801961,Busch Student Center,Livingston Student Center,B,03/21/2017,21:18
129917647,Livingston Plaza,Library of Science,B,03/21/2017,13:35
105093874,Livingston Student Center,Busch Student Center,B,03/21/2017,20:12
163509620,Quads,Science Building,B,03/21/2017,20:24
179277134,Werblin Back Entrance,Quads,B,03/21/2017,22:57
122480527,Hill Center,Busch Suites,B,03/21/2017,00:17
129129840,Science Building,Hill Center,B,03/21/2017,22:25
184594860,Library of Science,Werblin Back Entrance,B,03/21/2017,15:01
133466777,Quads,Livingston Plaza,B,03/21/2017,08:12
134365295,Werblin Back Entrance,Livingston Student Center,B,03/21/2017,23:15
187210714,Hill Center,Werblin Back Entrance,B,03/21/2017,11:37
196462041,Science Building,Livingston Plaza,B,03/21/2017,19:47
181977501,Library of Science,Livingston Student Center,B,03/21/2017,12:35
181357684,Busch Suites,Library of Science,B,03/21/2017,00:19
178429931,Busch Student Center,Busch Student Center,B,03/21/2017,03:08
134641413,Livingston Plaza,Science Building,B,03/21/2017,10:11
144103227,Livingston Student Center,Quads,B,03/21/2017,03:31
145749620,Quads,Busch Suites,B,03/21/2017,06:37
197248016,Werblin Back Entrance,Hill Center,B,03/21/2017,09:25
147887599,Hill Center,Werblin Back Entrance,B,03/21/2017,07:28
168609716,Science Building,Livingston Plaza,B,03/21/2017,01:40
191116043,Library of Science,Livingston Student Center,B,03/21/2017,06:52
102580926,Busch Suites,Library of Science,B,03/21/2017,07:00
165735309,Busch Student Center,Busch Student Center,B,03/21/2017,18:01
137907537,Livingston Plaza,Science Building,B,03/21/2017,15:08
175526929,Livingston Student Center,Quads,B,03/21/2017,19:49
175373955,Quads,Busch Suites,B,03/21/2017,04:08
148384171,Werblin Back Entrance,Hill Center,B,03/21/2017,21:52
125782472,Hill Center,Werblin Back Entrance,B,03/21/2017,04:24
102675536,Science Building,Livingston Plaza,B,03/21/2017,08:48
102759394,Library of Science,Livingston Student Center,B,03/21/2017,07:10
110268794,Quads,Library of Science,B,03/21/2017,16:08
198574947,Werblin Back Entrance,Busch Student Center,B,03/21/2017,07:42
112618253,Hill Center,Science Building,B,03/21/2017,16:26
112343836,Science Building,Quads,B,03/21/2017,02:56
196258210,Library of Science,Busch Suites,B,03/21/2017,03:19
182636653,Busch Suites,Hill Center,B,03/21/2017,15:10
113151416,Busch Student Center,Werblin Back Entrance,B,03/21/2017,08:18
184855946,Livingston Plaza,Livingston Plaza,B,03/21/2017,17:01
152213203,Livingston Student Center,Livingston Student Center,B,03/21/2017,06:11
180540348,Quads,Library of Science,B,03/21/2017,00:40
132102269,Werblin Back Entrance,Busch Student Center,B,03/21/2017,23:17
187100414,Hill Center,Science Building,B,03/21/2017,09:52
115481438,Science Building,Quads,B,03/21/2017,08:58
176033955,Library of Science,Busch Suites,B,03/21/2017,20:04
119483058,Busch Suites,Hill Center,B,03/21/2017,00:28
190935604,Busch Student Center,Werblin Back Entrance,B,03/21/2017,09:53
131470675,Livingston Plaza,Livingston Plaza,B,03/21/2017,08:53
172289792,Livingston Student Center,Livingston Student Center,B,03/21/2017,13:46
177518297,Quads,Werblin Back Entrance,B,03/21/2017,21:46
133730566,Werblin Back Entrance,Livingston Plaza,B,03/21/2017,11:53
112661879,Hill Center,Livingston Student Center,B,03/21/2017,17:52
149364975,Science Building,Library of Science,B,03/21/2017,11:31
143208490,Library of Science,Busch Student Center,B,03/21/2017,00:38
160275952,Quads,Science Building,B,03/21/2017,19:45
165548390,Werblin Back Entrance,Quads,B,03/21/2017,17:14
122059478,Hill Center,Busch Suites,B,03/21/2017,07:26
158068335,Science Building,Hill Center,B,03/21/2017,04:22
161402151,Library of Science,Werblin Back Entrance,B,03/21/2017,15:32
111770092,Busch Suites,Livingston Plaza,B,03/21/2017,22:50
110107321,Busch Student Center,Livingston Student Center,B,03/21/2017,01:19
167741630,Livingston Plaza,Library of Science,B,03/21/2017,19:49
151096572,Livingston Student Center,Busch Student Center,B,03/21/2017,10:53
104589578,Quads,Science Building,B,03/21/2017,01:28
191942306,Werblin Back Entrance,Quads,B,03/21/2017,06:48
164562448,Hill Center,Busch Suites,B,03/21/2017,22:34
153376689,Science Building,Hill Center,B,03/21/2017,08:09
147465997,Library of Science,Werblin Back Entrance,B,03/21/2017,02:28
117527076,Busch Suites,Livingston Plaza,B,03/21/2017,06:33
174836372,Busch Student Center,Livingston Student Center,B,03/21/2017,23:19
123020301,Livingston Plaza,Library of Science,B,03/21/2017,13:07
198815828,Livingston Student Center,Busch Student Center,B,03/21/2017,23:28
129138129,Quads,Science Building,B,03/21/2017,11:51
134003007,Werblin Back Entrance,Quads,B,03/21/2017,14:30
156380445,Hill Center,Busch Suites,B,03/21/2017,00:18
159766391,Science Building,Hill Center,B,03/21/2017,04:48
170866448,Library of Science,Werblin Back Entrance,B,03/21/2017,19:47
112904560,Quads,Livingston Plaza,B,03/21/2017,09:50
143264293,Werblin Back Entrance,Livingston Student Center,B,03/21/2017,05:37
152187700,Hill Center,Library of Science,B,03/21/2017,15:31
139553245,Science Building,Busch Student Center,B,03/21/2017,10:08
143905204,Library of Science,Science Building,B,03/21/2017,02:33
132391526,Busch Suites,Quads,B,03/21/2017,16:43
144230455,Busch Student Center,Busch Suites,B,03/21/2017,20:42
114958537,Livingston Plaza,Hill Center,B,03/21/2017,16:34
174665451,Livingston Student Center,Werblin Back Entrance,B,03/21/2017,05:57
125447926,Quads,Livingston Plaza,B,03/21/2017,13:55
106433491,Werblin Back Entrance,Livingston Student Center,B,03/21/2017,20:53
143896166,Hill Center,Werblin Back Entrance,B,03/21/2017,20:29
145500947,Science Building,Livingston Plaza,B,03/21/2017,16:23
153915328,Library of Science,Livingston Student Center,B,03/21/2017,17:21
132473066,Busch Suites,Library of Science,B,03/21/2017,22:34
129920638,Busch Student Center,Busch Student Center,B,03/21/2017,15:30
134399013,Livingston Plaza,Science Building,B,03/21/2017,10:17
140484802,Livingston Student Center,Quads,B,03/21/2017,23:43
192974351,Quads,Busch Suites,B,03/21/2017,13:51
177418133,Werblin Back Entrance,Hill Center,B,03/21/2017,19:49
172882140,Hill Center,Werblin Back Entrance,B,03/21/2017,22:14
137425501,Science Building,Livingston Plaza,B,03/21/2017,15:37
179114628,Library of Science,Livingston Student Center,B,03/21/2017,23:20
112895890,Quads,Library of Science,B,03/21/2017,07:01
104815629,Werblin Back Entrance,Busch Student Center,B,03/21/2017,06:10
127469919,Hill Center,Science Building,B,03/21/2017,08:59
154321517,Science Building,Quads,B,03/21/2017,14:10
133608185,Library of Science,Busch Suites,B,03/21/2017,15:09
174120866,Busch Suites,Hill Center,B,03/21/2017,08:58
138721239,Busch Student Center,Werblin Back Entrance,B,03/21/2017,14:17
140553381,Livingston Plaza,Livingston Plaza,B,03/21/2017,16:52
112525899,Livingston Student Center,Livingston Student Center,B,03/21/2017,14:52
151155349,Quads,Library of Science,B,03/21/2017,02:08
179767651,Werblin Back Entrance,Busch Student Center,B,03/21/2017,12:29
158518035,Hill Center,Science Building,B,03/21/2017,12:05
151118202,Science Building,Quads,B,03/21/2017,18:27
136393315,Library of Science,Busch Suites,B,03/21/2017,06:35
126676087,Busch Suites,Hill Center,B,03/21/2017,06:25
147331600,Busch Student Center,Werblin Back Entrance,B,03/21/2017,23:27
139241549,Livingston Plaza,Livingston Plaza,B,03/21/2017,01:18
137039201,Livingston Student Center,Livingston Student Center,B,03/21/2017,15:29
111287625,Quads,Library of Science,B,03/21/2017,13:30
198127534,Werblin Back Entrance,Busch Student Center,B,03/21/2017,21:52
110835835,Hill Center,Science Building,B,03/21/2017,08:12
176244475,Science Building,Quads,B,03/21/2017,14:40
105307234,Library of Science,Busch Suites,B,03/21/2017,09:14
180941241,Quads,Hill Center,B,03/21/2017,19:50
115964302,Werblin Back Entrance,Werblin Back Entrance,B,03/21/2017,17:50
104141827,Hill Center,Livingston Plaza,B,03/21/2017,04:35
163767579,Science Building,Livingston Student Center,B,03/21/2017,00:51
194737355,Library of Science,Werblin Back Entrance,B,03/21/2017,02:58
128930926,Busch Suites,Livingston Plaza,B,03/21/2017,06:22
168533156,Busch Student Center,Livingston Student Center,B,03/21/2017,21:38
151384883,Livingston Plaza,Library of Science,B,03/21/2017,20:03
189158510,Livingston Student Center,Busch Student Center,B,03/21/2017,09:17
139233315,Quads,Science Building,B,03/21/2017,18:14
174118110,Werblin Back Entrance,Quads,B,03/21/2017,20:39
100646685,Hill Center,Busch Suites,B,03/21/2017,22:37
144485078,Science Building,Hill Center,B,03/21/2017,04:27
149676573,Library of Science,Werblin Back Entrance,B,03/21/2017,14:51
104200933,Busch Suites,Livingston Plaza,B,03/21/2017,05:33
197615839,Busch Student Center,Livingston Student Center,B,03/21/2017,17:46
102869749,Livingston Plaza,Library of Science,B,03/21/2017,14:11
119909428,Livingston Student Center,Busch Student Center,B,03/21/2017,09:10
100722930,Quads,Science Building,B,03/21/2017,09:48
155040851,Werblin Back Entrance,Quads,B,03/21/2017,05:26
122500756,Hill Center,Busch Suites,B,03/21/2017,00:59
112746687,Science Building,Hill Center,B,03/21/2017,17:10
173404454,Library of Science,Werblin Back Entrance,B,03/21/2017,03:53
163873266,Quads,Livingston Plaza,B,03/21/2017,08:39
151651276,Werblin Back Entrance,Livingston Student Center,B,03/21/2017,22:19
107070516,Hill Center,Library of Science,B,03/21/2017,22:35
188143213,Science Building,Busch Student Center,B,03/21/2017,18:02
152676543,Library of Science,Science Building,B,03/21/2017,14:21
158612018,Busch Suites,Quads,B,03/21/2017,03:31
133762310,Busch Student Center,Busch Suites,B,03/21/2017,20:59
144836447,Livingston Plaza,Hill Center,B,03/21/2017,13:58
143473465,Livingston Student Center,Werblin Back Entrance,B,03/21/2017,21:22
149098080,Quads,Livingston Plaza,B,03/21/2017,09:34
151936084,Werblin Back Entrance,Livingston Student Center,B,03/21/2017,05:24
176230898,Hill Center,Library of Science,B,03/21/2017,07:25
124146044,Science Building,Busch Student Center,B,03/21/2017,09:31
190184540,Library of Science,Science Building,B,03/21/2017,10:32
133140927,Busch Suites,Quads,B,03/21/2017,03:35
131564299,Busch Student Center,Busch Suites,B,03/21/2017,11:39
113798621,Livingston Plaza,Hill Center,B,03/21/2017,17:04
198414786,Livingston Student Center,Werblin Back Entrance,B,03/21/2017,14:23
106511149,Quads,Livingston Plaza,B,03/21/2017,23:24
118057690,Werblin Back Entrance,Livingston Student Center,B,03/21/2017,19:45
112898647,Hill Center,Werblin Back Entrance,B,03/21/2017,21:04
152776877,Science Building,Livingston Plaza,B,03/21/2017,00:11
181349760,Library of Science,Livingston Student Center,B,03/21/2017,19:00
177398163,Quads,Library of Science,B,03/21/2017,01:47
130762998,Werblin Back Entrance,Busch Student Center,B,03/21/2017,17:52
113048772,Hill Center,Science Building,B,03/21/2017,12:45
196044535,Science Building,Quads,B,03/21/2017,21:09
171519531,Library of Science,Busch Suites,B,03/21/2017,15:27
131181948,Busch Suites,Hill Center,B,03/21/2017,16:32
159858167,Busch Student Center,Werblin Back Entrance,B,03/21/2017,19:14
152805444,Livingston Plaza,Livingston Plaza,B,03/21/2017,17:20
142789631,Livingston Student Center,Livingston Student Center,B,03/21/2017,11:49
152866764,Quads,Library of Science,B,03/21/2017,14:19
138973973,Werblin Back Entrance,Busch Student Center,B,03/21/2017,23:45
107602896,Hill Center,Science Building,B,03/21/2017,23:04
121339528,Science Building,Quads,B,03/21/2017,15:44
121693418,Library of Science,Busch Suites,B,03/21/2017,05:20
195452260,Busch Suites,Hill Center,B,03/21/2017,09:31
112439186,Busch Student Center,Werblin Back Entrance,B,03/21/2017,00:47
129968858,Livingston Plaza,Livingston Plaza,B,03/21/2017,13:22
129044751,Livingston Student Center,Livingston Student Center,B,03/21/2017,09:55
188654126,Quads,Library of Science,B,03/21/2017,22:42
191669746,Werblin Back Entrance,Busch Student Center,B,03/21/2017,23:36
142386179,Hill Center,Science Building,B,03/21/2017,12:49
126416507,Science Building,Quads,B,03/21/2017,13:35
187167214,Library of Science,Busch Suites,B,03/21/2017,05:16
186921337,Quads,Hill Center,B,03/21/2017,12:55
162817449,Werblin Back Entrance,Werblin Back Entrance,B,03/21/2017,16:33
174855101,Hill Center,Livingston Plaza,B,03/21/2017,01:43
174925081,Science Building,Livingston Student Center,B,03/21/2017,10:51
135974850,Library of Science,Library of Science,B,03/21/2017,13:49
191091435,Busch Suites,Busch Student Center,B,03/21/2017,15:14
194957978,Busch Student Center,Science Building,B,03/21/2017,21:56
161837814,Livingston Plaza,Quads,B,03/21/2017,21:13
123443769,Livingston Student Center,Busch Suites,B,03/21/2017,03:57
171759294,Quads,Hill Center,B,03/21/2017,09:36
154740213,Werblin Back Entrance,Werblin Back Entrance,B,03/21/2017,23:10
118183119,Hill Center,Livingston Plaza,B,03/21/2017,22:05
168091106,Science Building,Livingston Student Center,B,03/21/2017,07:59
104886788,Library of Science,Werblin Back Entrance,B,03/21/2017,15:44
110983767,Busch Suites,Livingston Plaza,B,03/21/2017,06:37
180292764,Busch Student Center,Livingston Student Center,B,03/21/2017,18:02
195174518,Livingston Plaza,Library of Science,B,03/21/2017,14:58
187010231,Livingston Student Center,Busch Student Center,B,03/21/2017,16:18
157556430,Quads,Science Building,B,03/21/2017,05:26
141305170,Werblin Back Entrance,Quads,B,03/21/2017,03:55
136755974,Hill Center,Busch Suites,B,03/21/2017,21:45
186535645,Science Building,Hill Center,B,03/21/2017,23:25
185028211,Library of Science,Werblin Back Entrance,B,03/21/2017,16:15
128034343,Quads,Livingston Plaza,B,03/21/2017,11:30
118321785,Werblin Back Entrance,Livingston Student Center,B,03/21/2017,13:55
128787940,Hill Center,Library of Science,B,03/21/2017,15:58
106301405,Science Building,Busch Student Center,B,03/21/2017,21:39
195932173,Library of Science,Science Building,B,03/21/2017,09:59
116774080,Busch Suites,Quads,B,03/21/2017,01:23
155231086,Busch Student Center,Busch Suites,B,03/21/2017,01:57
128530075,Livingston Plaza,Hill Center,B,03/21/2017,16:00
106227568,Livingston Student Center,Werblin Back Entrance,B,03/21/2017,13:10
180681156,Quads,Livingston Plaza,B,03/21/2017,02:44
109329266,Werblin Back Entrance,Livingston Student Center,B,03/21/2017,05:01
161032966,Hill Center,Library of Science,B,03/21/2017,05:44
137607418,Science Building,Busch Student Center,B,03/21/2017,17:25
169360924,Library of Science,Science Building,B,03/21/2017,13:05
157097712,Busch Suites,Quads,B,03/21/2017,17:29
161513975,Busch Student Center,Busch Suites,B,03/21/2017,16:54
138384066,Livingston Plaza,Hill Center,B,03/21/2017,07:10
146655329,Livingston Student Center,Werblin Back Entrance,B,03/21/2017,17:49
173878899,Quads,Livingston Plaza,B,03/21/2017,23:17
137189744,Werblin Back Entrance,Livingston Student Center,B,03/21/2017,17:21
139050552,Hill Center,Library of Science,B,03/21/2017,14:33
105528974,Science Building,Busch Student Center,B,03/21/2017,02:39
117130750,Library of Science,Science Building,B,03/21/2017,23:47
101805494,Quads,Quads,B,03/21/2017,09:58
169780637,Werblin Back Entrance,Busch Suites,B,03/21/2017,23:11
163476553,Hill Center,Hill Center,B,03/21/2017,08:06
103009095,Science Building,Werblin Back Entrance,B,03/21/2017,02:05
183912165,Library of Science,Livingston Plaza,B,03/21/2017,11:17
167181573,Busch Suites,Livingston Student Center,B,03/21/2017,21:11
180982517,Busch Student Center,Werblin Back Entrance,B,03/21/2017,03:29
133087142,Livingston Plaza,Livingston Plaza,B,03/21/2017,14:25
130792257,Livingston Student Center,Livingston Student Center,B,03/21/2017,15:02
107888561,Quads,Library of Science,B,03/21/2017,04:14
119036322,Werblin Back Entrance,Busch Student Center,B,03/21/2017,11:12
148978908,Hill Center,Science Building,B,03/21/2017,13:20
166347892,Science Building,Quads,B,03/21/2017,04:22
113605165,Library of Science,Busch Suites,B,03/21/2017,18:32
119249672,Busch Suites,Hill Center,B,03/21/2017,17:45
191530987,Busch Student Center,Werblin Back Entrance,B,03/21/2017,17:03
147338047,Livingston Plaza,Livingston Plaza,B,03/21/2017,10:05
159706998,Livingston Student Center,Livingston Student Center,B,03/21/2017,23:31
115100241,Quads,Library of Science,B,03/21/2017,00:21
115740677,Werblin Back Entrance,Busch Student Center,B,03/21/2017,08:17
175334432,Hill Center,Science Building,B,03/21/2017,18:29
180460843,Science Building,Quads,B,03/21/2017,06:26
196743066,Library of Science,Busch Suites,B,03/21/2017,01:53
170225406,Quads,Hill Center,B,03/21/2017,10:05
181799973,Werblin Back Entrance,Werblin Back Entrance,B,03/21/2017,23:25
187685498,Hill Center,Livingston Plaza,B,03/21/2017,18:19
190312396,Science Building,Livingston Student Center,B,03/21/2017,08:54
192370868,Library of Science,Library of Science,B,03/21/2017,11:51
161095590,Busch Suites,Busch Student Center,B,03/21/2017,12:59
134175653,Busch Student Center,Science Building,B,03/21/2017,20:59
181544821,Livingston Plaza,Quads,B,03/21/2017,07:57
132814290,Livingston Student Center,Busch Suites,B,03/21/2017,01:42
174893833,Quads,Hill Center,B,03/21/2017,08:18
111435327,Werblin Back Entrance,Werblin Back Entrance,B,03/21/2017,14:43
193877830,Hill Center,Livingston Plaza,B,03/21/2017,04:38
127185520,Science Building,Livingston Student Center,B,03/21/2017,17:37
171595366,Library of Science,Library of Science,B,03/21/2017,02:36
163649956,Busch Suites,Busch Student Center,B,03/21/2017,21:00
159956960,Busch Student Center,Science Building,B,03/21/2017,16:44
154031992,Livingston Plaza,Quads,B,03/21/2017,03:12
141659372,Livingston Student Center,Busch Suites,B,03/21/2017,07:46
110121271,Quads,Hill Center,B,03/21/2017,11:23
199156262,Werblin Back Entrance,Werblin Back Entrance,B,03/21/2017,23:22
172615362,Hill Center,Livingston Plaza,B,03/21/2017,03:43
108203772,Science Building,Livingston Student Center,B,03/21/2017,07:29
109767952,Library of Science,Werblin Back Entrance,B,03/21/2017,21:04
108744191,Quads,Livingston Plaza,B,03/21/2017,10:29
154652314,Werblin Back Entrance,Livingston Student Center,B,03/21/2017,01:06
116833570,Hill Center,Library of Science,B,03/21/2017,12:11
108509033,Science Building,Busch Student Center,B,03/21/2017,12:51
199029408,Library of Science,Science Building,B,03/21/2017,16:46
180666411,Busch Suites,Quads,B,03/21/2017,08:13
159689850,Busch Student Center,Busch Suites,B,03/21/2017,10:18
170987748,Livingston Plaza,Hill Center,B,03/21/2017,22:16
141892222,Livingston Student Center,Werblin Back Entrance,B,03/21/2017,20:36
170649635,Quads,Livingston Plaza,B,03/21/2017,08:26
164798311,Werblin Back Entrance,Livingston Student Center,B,03/21/2017,03:49
165676374,Hill Center,Library of Science,B,03/21/2017,12:00
138846831,Science Building,Busch Student Center,B,03/21/2017,19:19
195030150,Library of Science,Science Building,B,03/21/2017,00:07
119383375,Busch Suites,Quads,B,03/21/2017,05:20
155931670,Busch Student Center,Busch Suites,B,03/21/2017,14:33
149210049,Livingston Plaza,Hill Center,B,03/21/2017,17:14
128315075,Livingston Student Center,Werblin Back Entrance,B,03/21/2017,17:28
167715384,Quads,Livingston Plaza,B,03/21/2017,10:57
190905946,Werblin Back Entrance,Livingston Student Center,B,03/21/2017,09:20
105438139,Hill Center,Library of Science,B,03/21/2017,15:49
139173671,Science Building,Busch Student Center,B,03/21/2017,19:47
156323198,Library of Science,Science Building,B,03/21/2017,14:47
152298245,Quads,Quads,B,03/21/2017,06:42
126219709,Werblin Back Entrance,Busch Suites,B,03/21/2017,13:22
133519762,Hill Center,Hill Center,B,03/21/2017,10:20
149410717,Science Building,Werblin Back Entrance,B,03/21/2017,17:28
128248344,Library of Science,Livingston Plaza,B,03/21/2017,19:04
181176555,Busch Suites,Livingston Student Center,B,03/21/2017,01:39
174062243,Busch Student Center,Library of Science,B,03/21/2017,17:33
169562813,Livingston Plaza,Busch Student Center,B,03/21/2017,07:11
141552980,Livingston Student Center,Science Building,B,03/21/2017,17:40
173858308,Quads,Quads,B,03/21/2017,00:40
152088239,Werblin Back Entrance,Busch Suites,B,03/21/2017,12:54
109087833,Hill Center,Hill Center,B,03/21/2017,10:17
151356158,Science Building,Werblin Back Entrance,B,03/21/2017,09:43
147094711,Library of Science,Livingston Plaza,B,03/21/2017,10:51
175496461,Busch Suites,Livingston Student Center,B,03/21/2017,11:03
125073147,Busch Student Center,Werblin Back Entrance,B,03/21/2017,21:25
127566728,Livingston Plaza,Livingston Plaza,B,03/21/2017,05:35
177721063,Livingston Student Center,Livingston Student Center,B,03/21/2017,16:42
127073333,Quads,Library of Science,B,03/21/2017,00:18
191633429,Werblin Back Entrance,Busch Student Center,B,03/21/2017,13:55
135957414,Hill Center,Science Building,B,03/21/2017,01:13
116118654,Science Building,Quads,B,03/21/2017,18:47
132343393,Library of Science,Busch Suites,B,03/21/2017,08:36
190808013,Quads,Hill Center,B,03/21/2017,06:04
190913111,Werblin Back Entrance,Werblin Back Entrance,B,03/21/2017,15:00
182187570,Hill Center,Livingston Plaza,B,03/21/2017,10:35
115209648,Science Building,Livingston Student Center,B,03/21/2017,00:33
148830262,Library of Science,Library of Science,B,03/21/2017,16:47
170711334,Busch Suites,Busch Student Center,B,03/21/2017,04:49
121058559,Busch Student Center,Science Building,B,03/21/2017,19:37
134304220,Livingston Plaza,Quads,B,03/21/2017,00:34
105181119,Livingston Student Center,Busch Suites,B,03/21/2017,05:09
115713876,Quads,Hill Center,B,03/21/2017,04:57
193592605,Werblin Back Entrance,Werblin Back Entrance,B,03/21/2017,13:56
194401999,Hill Center,Livingston Plaza,B,03/21/2017,18:12
182355164,Science Building,Livingston Student Center,B,03/21/2017,10:54
111927647,Library of Science,Library of Science,B,03/21/2017,17:24
127432871,Busch Suites,Busch Student Center,B,03/21/2017,08:49
196052160,Busch Student Center,Science Building,B,03/21/2017,21:44
128159422,Livingston Plaza,Quads,B,03/21/2017,12:26
131388913,Livingston Student Center,Busch Suites,B,03/21/2017,22:27
195814705,Quads,Hill Center,B,03/21/2017,14:21
161049907,Werblin Back Entrance,Werblin Back Entrance,B,03/21/2017,01:06
128994183,Hill Center,Livingston Plaza,B,03/21/2017,05:55
160437919,Science Building,Livingston Student Center,B,03/21/2017,06:11
168133966,Library of Science,Library of Science,B,03/21/2017,13:30
111080014,Quads,Busch Student Center,B,03/21/2017,17:10
175857560,Werblin Back Entrance,Science Building,B,03/21/2017,23:40
183494535,Hill Center,Quads,B,03/21/2017,10:47
120482398,Science Building,Busch Suites,B,03/21/2017,21:02
114087745,Library of Science,Hill Center,B,03/21/2017,18:37
162044967,Busch Suites,Werblin Back Entrance,B,03/21/2017,02:06
156162391,Busch Student Center,Livingston Plaza,B,03/21/2017,00:56
133324261,Livingston Plaza,Livingston Student Center,B,03/21/2017,20:14
187295388,Livingston Student Center,Werblin Back Entrance,B,03/21/2017,11:06
146995375,Quads,Livingston Plaza,B,03/21/2017,05:03
145413563,Werblin Back Entrance,Livingston Student Center,B,03/21/2017,16:04
163994057,Hill Center,Library of Science,B,03/21/2017,11:48
100383713,Science Building,Busch Student Center,B,03/21/2017,02:25
154487869,Library of Science,Science Building,B,03/21/2017,11:08
149094700,Busch Suites,Quads,B,03/21/2017,03:01
176776649,Busch Student Center,Busch Suites,B,03/21/2017,10:23
186371521,Livingston Plaza,Hill Center,B,03/21/2017,16:43
104591916,Livingston Student Center,Werblin Back Entrance,B,03/21/2017,06:34
151193126,Quads,Livingston Plaza,B,03/21/2017,00:51
121034458,Werblin Back Entrance,Livingston Student Center,B,03/21/2017,23:13
110504485,Hill Center,Library of Science,B,03/21/2017,19:29
185596466,Science Building,Busch Student Center,B,03/21/2017,02:22
158048426,Library of Science,Science Building,B,03/21/2017,01:29
197331783,Quads,Quads,B,03/21/2017,10:56
119145156,Werblin Back Entrance,Busch Suites,B,03/21/2017,17:49
104144952,Hill Center,Hill Center,B,03/21/2017,01:56
122899623,Science Building,Werblin Back Entrance,B,03/21/2017,07:37
106764303,Library of Science,Livingston Plaza,B,03/21/2017,23:13
172477461,Busch Suites,Livingston Student Center,B,03/21/2017,08:12
166826665,Busch Student Center,Library of Science,B,03/21/2017,05:59
178699882,Livingston Plaza,Busch Student Center,B,03/21/2017,17:26
114712000,Livingston Student Center,Science Building,B,03/21/2017,10:28
141672777,Quads,Quads,B,03/21/2017,21:14
189955825,Werblin Back Entrance,Busch Suites,B,03/21/2017,23:51
151804960,Hill Center,Hill Center,B,03/21/2017,21:48
161237418,Science Building,Werblin Back Entrance,B,03/21/2017,08:11
109459960,Library of Science,Livingston Plaza,B,03/21/2017,03:41
109177561,Busch Suites,Livingston Student Center,B,03/21/2017,08:59
141902761,Busch Student Center,Library of Science,B,03/21/2017,18:14
125007117,Livingston Plaza,Busch Student Center,B,03/21/2017,19:11
142416833,Livingston Student Center,Science Building,B,03/21/2017,22:53
167119854,Quads,Quads,B,03/21/2017,11:09
159962561,Werblin Back Entrance,Busch Suites,B,03/21/2017,10:03
187542604,Hill Center,Hill Center,B,03/21/2017,23:49
199892110,Science Building,Werblin Back Entrance,B,03/21/2017,10:59
195185138,Library of Science,Livingston Plaza,B,03/21/2017,21:44
158449085,Quads,Livingston Student Center,B,03/21/2017,21:51
196949670,Werblin Back Entrance,Werblin Back Entrance,B,03/21/2017,23:52
106133004,Hill Center,Livingston Plaza,B,03/21/2017,09:58
155409224,Science Building,Livingston Student Center,B,03/21/2017,03:58
102425437,Library of Science,Library of Science,B,03/21/2017,06:55
196841698,Busch Suites,Busch Student Center,B,03/21/2017,02:54
193074345,Busch Student Center,Science Building,B,03/21/2017,11:11
109511457,Livingston Plaza,Quads,B,03/21/2017,07:21
191858407,Livingston Student Center,Busch Suites,B,03/21/2017,15:19
162334427,Quads,Hill Center,B,03/21/2017,04:47
145635089,Werblin Back Entrance,Werblin Back Entrance,B,03/21/2017,02:10
171488954,Hill Center,Livingston Plaza,B,03/21/2017,04:20
196890326,Science Building,Livingston Student Center,B,03/21/2017,08:31
109026933,Library of Science,Library of Science,B,03/21/2017,23:53
190502324,Busch Suites,Busch Student Center,B,03/21/2017,15:53
191266098,Busch Student Center,Science Building,B,03/21/2017,03:50
176760420,Livingston Plaza,Quads,B,03/21/2017,05:13
193242477,Livingston Student Center,Busch Suites,B,03/21/2017,22:16
189323833,Quads,Hill Center,B,03/21/2017,04:18
106810792,Werblin Back Entrance,Werblin Back Entrance,B,03/21/2017,13:05
119375896,Hill Center,Livingston Plaza,B,03/21/2017,00:08
133389689,Science Building,Livingston Student Center,B,03/21/2017,09:29
189064165,Library of Science,Library of Science,B,03/21/2017,14:36
158199334,Quads,Busch Student Center,B,03/21/2017,11:17
179556332,Werblin Back Entrance,Science Building,B,03/21/2017,07:01
150579490,Hill Center,Quads,B,03/21/2017,23:01
111570210,Science Building,Busch Suites,B,03/21/2017,20:25
135132441,Library of Science,Hill Center,B,03/21/2017,09:10
179096788,Busch Suites,Werblin Back Entrance,B,03/21/2017,15:59
101064895,Busch Student Center,Livingston Plaza,B,03/21/2017,06:18
171354192,Livingston Plaza,Livingston Student Center,B,03/21/2017,22:12
180946910,Livingston Student Center,Library of Science,B,03/21/2017,12:23
159789222,Quads,Busch Student Center,B,03/21/2017,03:17
140833739,Werblin Back Entrance,Science Building,B,03/21/2017,22:45
162687953,Hill Center,Quads,B,03/21/2017,16:47
156191178,Science Building,Busch Suites,B,03/21/2017,06:53
122933229,Library of Science,Hill Center,B,03/21/2017,18:12
103689579,Busch Suites,Werblin Back Entrance,B,03/21/2017,04:36
161525227,Busch Student Center,Livingston Plaza,B,03/21/2017,19:05
109676426,Livingston Plaza,Livingston Student Center,B,03/21/2017,09:24
189885002,Livingston Student Center,Werblin Back Entrance,B,03/21/2017,10:34
126252978,Quads,Livingston Plaza,B,03/21/2017,20:17
124905936,Werblin Back Entrance,Livingston Student Center,B,03/21/2017,19:10
150956344,Hill Center,Library of Science,B,03/21/2017,21:08
172996467,Science Building,Busch Student Center,B,03/21/2017,13:18
185800366,Library of Science,Science Building,B,03/21/2017,14:44
126511980,Quads,Quads,B,03/21/2017,09:52
171615423,Werblin Back Entrance,Busch Suites,B,03/21/2017,03:58
136616863,Hill Center,Hill Center,B,03/21/2017,10:53
173473594,Science Building,Werblin Back Entrance,B,03/21/2017,10:58
181569116,Library of Science,Livingston Plaza,B,03/21/2017,08:18
126073281,Busch Suites,Livingston Student Center,B,03/21/2017,15:48
162141744,Busch Student Center,Library of Science,B,03/21/2017,12:26
186094004,Livingston Plaza,Busch Student Center,B,03/21/2017,01:15
112504731,Livingston Student Center,Science Building,B,03/21/2017,21:54
124029696,Quads,Quads,B,03/21/2017,01:21
161532384,Werblin Back Entrance,Busch Suites,B,03/21/2017,11:53
176009302,Hill Center,Hill Center,B,03/21/2017,02:37
129738102,Science Building,Werblin Back Entrance,B,03/21/2017,18:03
176176729,Library of Science,Livingston Plaza,B,03/21/2017,06:52
163149623,Busch Suites,Livingston Student Center,B,03/21/2017,19:02
101886762,Busch Student Center,Library of Science,B,03/21/2017,01:08
129058087,Livingston Plaza,Busch Student Center,B,03/21/2017,12:10
103801664,Livingston Student Center,Science Building,B,03/21/2017,16:40
189477444,Quads,Quads,B,03/21/2017,01:38
141672750,Werblin Back Entrance,Busch Suites,B,03/21/2017,12:27
164861752,Hill Center,Hill Center,B,03/21/2017,00:48
159065791,Science Building,Werblin Back Entrance,B,03/21/2017,01:18
121799681,Library of Science,Livingston Plaza,B,03/21/2017,19:23
155817817,Quads,Livingston Student Center,B,03/21/2017,03:19
162342747,Werblin Back Entrance,Library of Science,B,03/21/2017,21:11
185339870,Hill Center,Busch Student Center,B,03/21/2017,20:22
190037651,Science Building,Science Building,B,03/21/2017,13:13
192660783,Library of Science,Quads,B,03/21/2017,18:15
195149528,Busch Suites,Busch Suites,B,03/21/2017,08:19
190131865,Busch Student Center,Hill Center,B,03/21/2017,20:25
145739656,Livingston Plaza,Werblin Back Entrance,B,03/21/2017,11:20
160225272,Livingston Student Center,Livingston Plaza,B,03/21/2017,20:11
125497998,Quads,Livingston Student Center,B,03/21/2017,07:11
124280177,Werblin Back Entrance,Werblin Back Entrance,B,03/21/2017,05:23
104960310,Hill Center,Livingston Plaza,B,03/21/2017,02:27
193034695,Science Building,Livingston Student Center,B,03/21/2017,22:58
122735017,Library of Science,Library of Science,B,03/21/2017,21:38
101526397,Busch Suites,Busch Student Center,B,03/21/2017,04:18
182860375,Busch Student Center,Science Building,B,03/21/2017,03:06
115677638,Livingston Plaza,Quads,B,03/21/2017,00:59
137309264,Livingston Student Center,Busch Suites,B,03/21/2017,12:35
156707032,Quads,Hill Center,B,03/21/2017,18:04
163337104,Werblin Back Entrance,Werblin Back Entrance,B,03/21/2017,13:37
188978352,Hill Center,Livingston Plaza,B,03/21/2017,02:29
146247900,Science Building,Livingston Student Center,B,03/21/2017,16:56
152430712,Library of Science,Library of Science,B,03/21/2017,13:23
112923728,Quads,Busch Student Center,B,03/21/2017,03:59
147774599,Werblin Back Entrance,Science Building,B,03/21/2017,01:36
129210329,Hill Center,Quads,B,03/21/2017,08:38
127725595,Science Building,Busch Suites,B,03/21/2017,17:03
166877266,Library of Science,Hill Center,B,03/21/2017,07:33
134944617,Busch Suites,Werblin Back Entrance,B,03/21/2017,01:46
197857795,Busch Student Center,Livingston Plaza,B,03/21/2017,22:57
115344888,Livingston Plaza,Livingston Student Center,B,03/21/2017,09:34
116473591,Livingston Student Center,Library of Science,B,03/21/2017,22:29
132457470,Quads,Busch Student Center,B,03/21/2017,20:21
161324065,Werblin Back Entrance,Science Building,B,03/21/2017,12:10
192700977,Hill Center,Quads,B,03/21/2017,07:58
174786990,Science Building,Busch Suites,B,03/21/2017,16:35
150624720,Library of Science,Hill Center,B,03/21/2017,21:55
101443823,Busch Suites,Werblin Back Entrance,B,03/21/2017,13:33
148359763,Busch Student Center,Livingston Plaza,B,03/21/2017,07:18
178308304,Livingston Plaza,Livingston Student Center,B,03/21/2017,09:05
105052027,Livingston Student Center,Library of Science,B,03/21/2017,11:31
169150246,Quads,Busch Student Center,B,03/21/2017,14:33
189406270,Werblin Back Entrance,Science Building,B,03/21/2017,01:25
104933775,Hill Center,Quads,B,03/21/2017,15:52
172788316,Science Building,Busch Suites,B,03/21/2017,22:12
147594846,Library of Science,Hill Center,B,03/21/2017,02:25
128897577,Quads,Werblin Back Entrance,B,03/21/2017,11:56
139768629,Werblin Back Entrance,Livingston Plaza,B,03/21/2017,13:31
177119524,Hill Center,Livingston Student Center,B,03/21/2017,01:52
150771401,Science Building,Werblin Back Entrance,B,03/21/2017,16:42
154776575,Library of Science,Livingston Plaza,B,03/21/2017,01:39
120656258,Busch Suites,Livingston Student Center,B,03/21/2017,23:37
161555337,Busch Student Center,Library of Science,B,03/21/2017,07:39
194157129,Livingston Plaza,Busch Student Center,B,03/21/2017,19:33
124405894,Livingston Student Center,Science Building,B,03/21/2017,07:02
118124149,Quads,Quads,B,03/21/2017,19:40
117063773,Werblin Back Entrance,Busch Suites,B,03/21/2017,16:10
115849449,Hill Center,Hill Center,B,03/21/2017,02:20
141884486,Science Building,Werblin Back Entrance,B,03/21/2017,03:06
194486654,Library of Science,Livingston Plaza,B,03/21/2017,06:05
129018381,Busch Suites,Livingston Student Center,B,03/21/2017,05:38
157601636,Busch Student Center,Library of Science,B,03/21/2017,14:38
155267033,Livingston Plaza,Busch Student Center,B,03/21/2017,18:43
114672481,Livingston Student Center,Science Building,B,03/21/2017,09:42
135209325,Quads,Quads,B,03/21/2017,17:23
162576202,Werblin Back Entrance,Busch Suites,B,03/21/2017,14:54
140789331,Hill Center,Hill Center,B,03/21/2017,10:03
175385140,Science Building,Werblin Back Entrance,B,03/21/2017,16:37
190887563,Library of Science,Livingston Plaza,B,03/21/2017,11:24
180304284,Quads,Livingston Student Center,B,03/21/2017,04:19
103574019,Werblin Back Entrance,Library of Science,B,03/21/2017,05:32
179859644,Hill Center,Busch Student Center,B,03/21/2017,04:40
173951614,Science Building,Science Building,B,03/21/2017,07:51
167661771,Library of Science,Quads,B,03/21/2017,08:31
198598266,Busch Suites,Busch Suites,B,03/21/2017,03:08
166342170,Busch Student Center,Hill Center,B,03/21/2017,14:21
163718758,Livingston Plaza,Werblin Back Entrance,B,03/21/2017,16:04
142549150,Livingston Student Center,Livingston Plaza,B,03/21/2017,04:19
101640638,Quads,Livingston Student Center,B,03/21/2017,04:51
176503833,Werblin Back Entrance,Library of Science,B,03/21/2017,06:40
190461339,Hill Center,Busch Student Center,B,03/21/2017,01:53
185637154,Science Building,Science Building,B,03/21/2017,15:55
177524392,Library of Science,Quads,B,03/21/2017,00:29
150127861,Busch Suites,Busch Suites,B,03/21/2017,16:43
110360152,Busch Student Center,Hill Center,B,03/21/2017,08:46
106787770,Livingston Plaza,Werblin Back Entrance,B,03/21/2017,18:57
188184473,Livingston Student Center,Livingston Plaza,B,03/21/2017,18:57
170848701,Quads,Livingston Student Center,B,03/21/2017,11:33
103242554,Werblin Back Entrance,Werblin Back Entrance,B,03/21/2017,10:28
111498204,Hill Center,Livingston Plaza,B,03/21/2017,14:08
117335070,Science Building,Livingston Student Center,B,03/21/2017,07:22
143675480,Library of Science,Library of Science,B,03/21/2017,07:56
173296575,Quads,Busch Student Center,B,03/21/2017,10:58
142822740,Werblin Back Entrance,Science Building,B,03/21/2017,10:07
162823548,Hill Center,Quads,B,03/21/2017,05:50
161210710,Science Building,Busch Suites,B,03/21/2017,18:37
133394228,Library of Science,Hill Center,B,03/21/2017,08:58
185118867,Busch Suites,Werblin Back Entrance,B,03/21/2017,06:38
105458756,Busch Student Center,Livingston Plaza,B,03/21/2017,06:21
166126376,Livingston Plaza,Livingston Student Center,B,03/21/2017,19:29
119524436,Livingston Student Center,Library of Science,B,03/21/2017,14:37
120983455,Quads,Busch Student Center,B,03/21/2017,23:54
126056209,Werblin Back Entrance,Science Building,B,03/21/2017,10:31
184018008,Hill Center,Quads,B,03/21/2017,23:19
139780874,Science Building,Busch Suites,B,03/21/2017,13:56
130916240,Library of Science,Hill Center,B,03/21/2017,18:49
188595460,Busch Suites,Werblin Back Entrance,B,03/21/2017,15:53
169940353,Busch Student Center,Livingston Plaza,B,03/21/2017,07:23
182734262,Livingston Plaza,Livingston Student Center,B,03/21/2017,06:16
114730811,Livingston Student Center,Library of Science,B,03/21/2017,07:29
113853751,Quads,Busch Student Center,B,03/21/2017,01:51
134911839,Werblin Back Entrance,Science Building,B,03/21/2017,20:04
118258392,Hill Center,Quads,B,03/21/2017,04:04
150913735,Science Building,Busch Suites,B,03/21/2017,19:12
134939718,Library of Science,Hill Center,B,03/21/2017,21:31
134560698,Quads,Werblin Back Entrance,B,03/21/2017,20:55
110723577,Werblin Back Entrance,Livingston Plaza,B,03/21/2017,08:53
145661276,Hill Center,Livingston Student Center,B,03/21/2017,13:01
188712865,Science Building,Library of Science,B,03/21/2017,09:08
174122181,Library of Science,Busch Student Center,B,03/21/2017,04:50
186127328,Busch Suites,Science Building,B,03/21/2017,02:08
100041214,Busch Student Center,Quads,B,03/21/2017,09:14
114597010,Livingston Plaza,Busch Suites,B,03/21/2017,19:48
159473604,Livingston Student Center,Hill Center,B,03/21/2017,21:32
185366963,Quads,Werblin Back Entrance,B,03/21/2017,18:16
171696347,Werblin Back Entrance,Livingston Plaza,B,03/21/2017,01:30
143662887,Hill Center,Livingston Student Center,B,03/21/2017,20:58
199111483,Science Building,Werblin Back Entrance,B,03/21/2017,15:12
170955822,Library of Science,Livingston Plaza,B,03/21/2017,17:38
196915212,Busch Suites,Livingston Student Center,B,03/21/2017,12:57
109458054,Busch Student Center,Library of Science,B,03/21/2017,05:42
118557622,Livingston Plaza,Busch Student Center,B,03/21/2017,02:15
141838137,Livingston Student Center,Science Building,B,03/21/2017,07:14
127860238,Quads,Quads,B,03/21/2017,22:25
160386548,Werblin Back Entrance,Busch Suites,B,03/21/2017,21:01
143313182,Hill Center,Hill Center,B,03/21/2017,00:37
193277034,Science Building,Werblin Back Entrance,B,03/21/2017,07:22
122301213,Library of Science,Livingston Plaza,B,03/21/2017,12:46
103517567,Quads,Livingston Student Center,B,03/21/2017,13:42
144226531,Werblin Back Entrance,Library of Science,B,03/21/2017,08:36
101741178,Hill Center,Busch Student Center,B,03/21/2017,01:13
153931739,Science Building,Science Building,B,03/21/2017,14:02
137880601,Library of Science,Quads,B,03/21/2017,10:30
122636661,Busch Suites,Busch Suites,B,03/21/2017,13:48
180526614,Busch Student Center,Hill Center,B,03/21/2017,01:55
109581714,Livingston Plaza,Werblin Back Entrance,B,03/21/2017,23:37
156422135,Livingston Student Center,Livingston Plaza,B,03/21/2017,12:59
162429795,Quads,Livingston Student Center,B,03/21/2017,23:00
115715574,Werblin Back Entrance,Library of Science,B,03/21/2017,07:43
117699046,Hill Center,Busch Student Center,B,03/21/2017,21:24
175428757,Science Building,Science Building,B,03/21/2017,21:12
147863151,Library of Science,Quads,B,03/21/2017,18:53
137603871,Busch Suites,Busch Suites,B,03/21/2017,17:50
153207750,Busch Student Center,Hill Center,B,03/21/2017,23:43
138718911,Livingston Plaza,Werblin Back Entrance,B,03/21/2017,15:52
111287060,Livingston Student Center,Livingston Plaza,B,03/21/2017,18:04
115101370,Quads,Livingston Student Center,B,03/21/2017,09:58
190818850,Werblin Back Entrance,Library of Science,B,03/21/2017,08:17
107213931,Hill Center,Busch Student Center,B,03/21/2017,20:43
181194026,Science Building,Science Building,B,03/21/2017,15:12
184874260,Library of Science,Quads,B,03/21/2017,01:09
143395309,Quads,Busch Suites,B,03/21/2017,18:54
199709539,Werblin Back Entrance,Hill Center,B,03/21/2017,20:33
154028355,Hill Center,Werblin Back Entrance,B,03/21/2017,21:33
109098178,Science Building,Livingston Plaza,B,03/21/2017,05:18
120583180,Library of Science,Livingston Student Center,B,03/21/2017,08:58
117296399,Busch Suites,Werblin Back Entrance,B,03/21/2017,21:48
122850307,Busch Student Center,Livingston Plaza,B,03/21/2017,16:00
130752387,Livingston Plaza,Livingston Student Center,B,03/21/2017,04:27
120802475,Livingston Student Center,Library of Science,B,03/21/2017,06:05
150425349,Quads,Busch Student Center,B,03/21/2017,10:52
150447020,Werblin Back Entrance,Science Building,B,03/21/2017,21:04
171676448,Hill Center,Quads,B,03/21/2017,06:24
169945103,Science Building,Busch Suites,B,03/21/2017,22:36
103357291,Library of Science,Hill Center,B,03/21/2017,03:37
153377113,Busch Suites,Werblin Back Entrance,B,03/21/2017,15:41
169858286,Busch Student Center,Livingston Plaza,B,03/21/2017,00:11
149571458,Livingston Plaza,Livingston Student Center,B,03/21/2017,09:38
191976844,Livingston Student Center,Library of Science,B,03/21/2017,15:46
190936678,Quads,Busch Student Center,B,03/21/2017,01:06
165905245,Werblin Back Entrance,Science Building,B,03/21/2017,03:08
182688821,Hill Center,Quads,B,03/21/2017,08:37
173540718,Science Building,Busch Suites,B,03/21/2017,14:10
124183635,Library of Science,Hill Center,B,03/21/2017,00:29
177659979,Quads,Werblin Back Entrance,B,03/21/2017,23:07
137266371,Werblin Back Entrance,Livingston Plaza,B,03/21/2017,15:02
109194916,Hill Center,Livingston Student Center,B,03/21/2017,23:28
193566104,Science Building,Library of Science,B,03/21/2017,06:20
191339862,Library of Science,Busch Student Center,B,03/21/2017,09:21
161392260,Busch Suites,Science Building,B,03/21/2017,11:46
117282158,Busch Student Center,Quads,B,03/21/2017,23:33
193225581,Livingston Plaza,Busch Suites,B,03/21/2017,08:59
185447714,Livingston Student Center,Hill Center,B,03/21/2017,19:39
160601273,Quads,Werblin Back Entrance,B,03/21/2017,10:31
104744856,Werblin Back Entrance,Livingston Plaza,B,03/21/2017,19:09
176691166,Hill Center,Livingston Student Center,B,03/21/2017,15:51
189893249,Science Building,Library of Science,B,03/21/2017,08:05
105291462,Library of Science,Busch Student Center,B,03/21/2017,10:53
152780495,Busch Suites,Science Building,B,03/21/2017,10:27
177273603,Busch Student Center,Quads,B,03/21/2017,01:43
150389388,Livingston Plaza,Busch Suites,B,03/21/2017,22:23
195720050,Livingston Student Center,Hill Center,B,03/21/2017,12:30
172789737,Quads,Werblin Back Entrance,B,03/21/2017,15:20
196010557,Werblin Back Entrance,Livingston Plaza,B,03/21/2017,21:17
139982614,Hill Center,Livingston Student Center,B,03/21/2017,10:58
135976659,Science Building,Werblin Back Entrance,B,03/21/2017,15:32
177283980,Library of Science,Livingston Plaza,B,03/21/2017,05:11
134792018,Quads,Livingston Student Center,B,03/21/2017,11:38
150799488,Werblin Back Entrance,Library of Science,B,03/21/2017,13:54
196766366,Hill Center,Busch Student Center,B,03/21/2017,23:36
168672821,Science Building,Science Building,B,03/21/2017,11:01
172384035,Library of Science,Quads,B,03/21/2017,00:18
123034372,Busch Suites,Busch Suites,B,03/21/2017,17:56
162333322,Busch Student Center,Hill Center,B,03/21/2017,04:52
154914761,Livingston Plaza,Werblin Back Entrance,B,03/21/2017,02:57
122297003,Livingston Student Center,Livingston Plaza,B,03/21/2017,21:35
171753171,Quads,Livingston Student Center,B,03/21/2017,15:52
173670950,Werblin Back Entrance,Library of Science,B,03/21/2017,16:38
163842635,Hill Center,Busch Student Center,B,03/21/2017,16:46
109447738,Science Building,Science Building,B,03/21/2017,05:11
117503252,Library of Science,Quads,B,03/21/2017,20:17
193727606,Busch Suites,Busch Suites,B,03/21/2017,22:11
167732511,Busch Student Center,Hill Center,B,03/21/2017,00:15
144815883,Livingston Plaza,Werblin Back Entrance,B,03/21/2017,21:03
124017972,Livingston Student Center,Livingston Plaza,B,03/21/2017,15:42
110980495,Quads,Livingston Student Center,B,03/21/2017,04:15
160658654,Werblin Back Entrance,Library of Science,B,03/21/2017,03:01
181929260,Hill Center,Busch Student Center,B,03/21/2017,06:05
190011843,Science Building,Science Building,B,03/21/2017,04:51
147555075,Library of Science,Quads,B,03/21/2017,13:30
188055715,Quads,Busch Suites,B,03/21/2017,23:01
149174680,Werblin Back Entrance,Hill Center,B,03/21/2017,22:09
189598402,Hill Center,Werblin Back Entrance,B,03/21/2017,23:03
165724059,Science Building,Livingston Plaza,B,03/21/2017,22:10
199685659,Library of Science,Livingston Student Center,B,03/21/2017,21:14
102528313,Busch Suites,Library of Science,B,03/21/2017,18:40
125459489,Busch Student Center,Busch Student Center,B,03/21/2017,16:33
160735966,Livingston Plaza,Science Building,B,03/21/2017,22:37
191304092,Livingston Student Center,Quads,B,03/21/2017,02:25
191453213,Quads,Busch Suites,B,03/21/2017,20:22
132723681,Werblin Back Entrance,Hill Center,B,03/21/2017,22:07
173916079,Hill Center,Werblin Back Entrance,B,03/21/2017,11:33
143082451,Science Building,Livingston Plaza,B,03/21/2017,06:50
135900177,Library of Science,Livingston Student Center,B,03/21/2017,20:12
195258462,Busch Suites,Werblin Back Entrance,B,03/21/2017,18:46
170706819,Busch Student Center,Livingston Plaza,B,03/21/2017,22:25
170695340,Livingston Plaza,Livingston Student Center,B,03/21/2017,08:10
116604592,Livingston Student Center,Library of Science,B,03/21/2017,23:29
149851178,Quads,Busch Student Center,B,03/21/2017,10:54
193363801,Werblin Back Entrance,Science Building,B,03/21/2017,08:52
107801600,Hill Center,Quads,B,03/21/2017,06:38
127682472,Science Building,Busch Suites,B,03/21/2017,22:19
194754609,Library of Science,Hill Center,B,03/21/2017,03:16
161365198,Quads,Werblin Back Entrance,B,03/21/2017,21:55
103915838,Werblin Back Entrance,Livingston Plaza,B,03/21/2017,10:09
164545438,Hill Center,Livingston Student Center,B,03/21/2017,09:08
197286837,Science Building,Library of Science,B,03/21/2017,22:30
101264136,Library of Science,Busch Student Center,B,03/21/2017,12:48
119547508,Busch Suites,Science Building,B,03/21/2017,08:33
171910577,Busch Student Center,Quads,B,03/21/2017,13:50
194686638,Livingston Plaza,Busch Suites,B,03/21/2017,21:59
149798753,Livingston Student Center,Hill Center,B,03/21/2017,04:20
105287748,Quads,Werblin Back Entrance,B,03/21/2017,07:17
120482703,Werblin Back Entrance,Livingston Plaza,B,03/21/2017,18:59
120116214,Hill Center,Livingston Student Center,B,03/21/2017,22:48
159379302,Science Building,Library of Science,B,03/21/2017,12:10
122901570,Library of Science,Busch Student Center,B,03/21/2017,10:00
153978682,Busch Suites,Science Building,B,03/21/2017,14:08
165364889,Busch Student Center,Quads,B,03/21/2017,17:28
139539495,Livingston Plaza,Busch Suites,B,03/21/2017,16:22
157662110,Livingston Student Center,Hill Center,B,03/21/2017,07:54
146262438,Quads,Werblin Back Entrance,B,03/21/2017,23:48
122541304,Werblin Back Entrance,Livingston Plaza,B,03/21/2017,01:28
157270058,Hill Center,Livingston Student Center,B,03/21/2017,03:17
103384997,Science Building,Library of Science,B,03/21/2017,05:10
114943865,Library of Science,Busch Student Center,B,03/21/2017,03:24
138285920,Quads,Science Building,B,03/21/2017,14:49
190625401,Werblin Back Entrance,Quads,B,03/21/2017,19:34
181176450,Hill Center,Busch Suites,B,03/21/2017,21:41
167946311,Science Building,Hill Center,B,03/21/2017,12:12
101455749,Library of Science,Werblin Back Entrance,B,03/21/2017,13:30
136023234,Busch Suites,Livingston Plaza,B,03/21/2017,06:25
147604812,Busch Student Center,Livingston Student Center,B,03/21/2017,06:28
144843884,Livingston Plaza,Werblin Back Entrance,B,03/21/2017,00:28
143267756,Livingston Student Center,Livingston Plaza,B,03/21/2017,16:42
157356791,Quads,Livingston Student Center,B,03/21/2017,13:43
145832603,Werblin Back Entrance,Library of Science,B,03/21/2017,19:45
185102283,Hill Center,Busch Student Center,B,03/21/2017,02:13
119188436,Science Building,Science Building,B,03/21/2017,16:06
124604664,Library of Science,Quads,B,03/21/2017,00:26
194287704,Busch Suites,Busch Suites,B,03/21/2017,17:29
174630356,Busch Student Center,Hill Center,B,03/21/2017,03:15
143742011,Livingston Plaza,Werblin Back Entrance,B,03/21/2017,05:04
102608845,Livingston Student Center,Livingston Plaza,B,03/21/2017,11:54
160662185,Quads,Livingston Student Center,B,03/21/2017,04:59
184778890,Werblin Back Entrance,Library of Science,B,03/21/2017,23:46
149668362,Hill Center,Busch Student Center,B,03/21/2017,20:51
197621818,Science Building,Science Building,B,03/21/2017,06:42
121007779,Library of Science,Quads,B,03/21/2017,09:35
185234548,Quads,Busch Suites,B,03/21/2017,10:41
115519029,Werblin Back Entrance,Hill Center,B,03/21/2017,05:06
101989395,Hill Center,Werblin Back Entrance,B,03/21/2017,01:08
164588204,Science Building,Livingston Plaza,B,03/21/2017,21:45
153272484,Library of Science,Livingston Student Center,B,03/21/2017,04:32
135205025,Busch Suites,Library of Science,B,03/21/2017,11:50
158102139,Busch Student Center,Busch Student Center,B,03/21/2017,07:40
158761057,Livingston Plaza,Science Building,B,03/21/2017,03:44
143064756,Livingston Student Center,Quads,B,03/21/2017,15:23
169964728,Quads,Busch Suites,B,03/21/2017,23:19
117405469,Werblin Back Entrance,Hill Center,B,03/21/2017,09:03
157803508,Hill Center,Werblin Back Entrance,B,03/21/2017,16:05
117006776,Science Building,Livingston Plaza,B,03/21/2017,10:52
141449171,Library of Science,Livingston Student Center,B,03/21/2017,21:41
169164329,Busch Suites,Library of Science,B,03/21/2017,17:42
161940141,Busch Student Center,Busch Student Center,B,03/21/2017,20:17
141739624,Livingston Plaza,Science Building,B,03/21/2017,21:24
184399945,Livingston Student Center,Quads,B,03/21/2017,12:42
190539937,Quads,Busch Suites,B,03/21/2017,16:59
165540985,Werblin Back Entrance,Hill Center,B,03/21/2017,09:55
118355994,Hill Center,Werblin Back Entrance,B,03/21/2017,02:09
142822014,Science Building,Livingston Plaza,B,03/21/2017,12:16
163399465,Library of Science,Livingston Student Center,B,03/21/2017,05:18
185933692,Quads,Werblin Back Entrance,B,03/21/2017,10:51
101818299,Werblin Back Entrance,Livingston Plaza,B,03/21/2017,08:10
190332094,Hill Center,Livingston Student Center,B,03/21/2017,13:12
162634161,Science Building,Library of Science,B,03/21/2017,08:28
182917012,Library of Science,Busch Student Center,B,03/21/2017,23:08
128588663,Busch Suites,Science Building,B,03/21/2017,05:09
180035908,Busch Student Center,Quads,B,03/21/2017,07:45
132006535,Livingston Plaza,Busch Suites,B,03/21/2017,01:56
118387454,Livingston Student Center,Hill Center,B,03/21/2017,13:35
110277423,Quads,Werblin Back Entrance,B,03/21/2017,21:27
180045179,Werblin Back Entrance,Livingston Plaza,B,03/21/2017,15:22
127224940,Hill Center,Livingston Student Center,B,03/21/2017,04:52
183315231,Science Building,Library of Science,B,03/21/2017,12:52
187203062,Library of Science,Busch Student Center,B,03/21/2017,23:39
124901104,Busch Suites,Science Building,B,03/21/2017,01:57
119837721,Busch Student Center,Quads,B,03/21/2017,07:16
159067685,Livingston Plaza,Busch Suites,B,03/21/2017,09:27
168077001,Livingston Student Center,Hill Center,B,03/21/2017,20:39
186548354,Quads,Werblin Back Entrance,B,03/21/2017,00:36
141330886,Werblin Back Entrance,Livingston Plaza,B,03/21/2017,13:45
172305227,Hill Center,Livingston Student Center,B,03/21/2017,04:03
130450570,Science Building,Library of Science,B,03/21/2017,10:12
108473604,Library of Science,Busch Student Center,B,03/21/2017,09:20
183374427,Quads,Science Building,B,03/21/2017,21:25
137811340,Werblin Back Entrance,Quads,B,03/21/2017,01:33
104560369,Hill Center,Busch Suites,B,03/21/2017,22:22
137041368,Science Building,Hill Center,B,03/21/2017,03:09
127862692,Library of Science,Werblin Back Entrance,B,03/21/2017,06:17
160153492,Busch Suites,Livingston Plaza,B,03/21/2017,08:25
171741221,Busch Student Center,Livingston Student Center,B,03/21/2017,17:49
199552801,Livingston Plaza,Library of Science,B,03/21/2017,22:11
166176660,Livingston Student Center,Busch Student Center,B,03/21/2017,21:47
113799363,Quads,Science Building,B,03/21/2017,23:01
171607163,Werblin Back Entrance,Quads,B,03/21/2017,01:19
158347713,Hill Center,Busch Suites,B,03/21/2017,02:41
131715232,Science Building,Hill Center,B,03/21/2017,19:23
141185027,Library of Science,Werblin Back Entrance,B,03/21/2017,08:55
116310466,Busch Suites,Livingston Plaza,B,03/21/2017,12:34
115574919,Busch Student Center,Livingston Student Center,B,03/21/2017,14:37
158280010,Livingston Plaza,Werblin Back Entrance,B,03/21/2017,19:44
191801661,Livingston Student Center,Livingston Plaza,B,03/21/2017,02:44
148126041,Quads,Livingston Student Center,B,03/21/2017,08:15
103247076,Werblin Back Entrance,Library of Science,B,03/21/2017,11:16
148423992,Hill Center,Busch Student Center,B,03/21/2017,14:39
142877352,Science Building,Science Building,B,03/21/2017,09:06
171664372,Library of Science,Quads,B,03/21/2017,23:54
131954035,Quads,Busch Suites,B,03/21/2017,18:18
131607254,Werblin Back Entrance,Hill Center,B,03/21/2017,18:42
128724565,Hill Center,Werblin Back Entrance,B,03/21/2017,13:32
161343941,Science Building,Livingston Plaza,B,03/21/2017,14:41
104482481,Library of Science,Livingston Student Center,B,03/21/2017,18:05
193317693,Busch Suites,Library of Science,B,03/21/2017,04:33
188247465,Busch Student Center,Busch Student Center,B,03/21/2017,03:03
127665178,Livingston Plaza,Science Building,B,03/21/2017,21:21
158148053,Livingston Student Center,Quads,B,03/21/2017,21:45
171435670,Quads,Busch Suites,B,03/21/2017,11:00
185888275,Werblin Back Entrance,Hill Center,B,03/21/2017,19:13
126843656,Hill Center,Werblin Back Entrance,B,03/21/2017,02:56
108764132,Science Building,Livingston Plaza,B,03/21/2017,02:50
148864871,Library of Science,Livingston Student Center,B,03/21/2017,10:23
175058527,Busch Suites,Library of Science,B,03/21/2017,19:11
154649945,Busch Student Center,Busch Student Center,B,03/21/2017,22:08
126607089,Livingston Plaza,Science Building,B,03/21/2017,17:55
140720007,Livingston Student Center,Quads,B,03/21/2017,11:22
154724592,Quads,Busch Suites,B,03/21/2017,10:57
126242519,Werblin Back Entrance,Hill Center,B,03/21/2017,05:09
173283493,Hill Center,Werblin Back Entrance,B,03/21/2017,23:02
179175605,Science Building,Livingston Plaza,B,03/21/2017,01:24
112777303,Library of Science,Livingston Student Center,B,03/21/2017,03:53
180835371,Quads,Library of Science,B,03/21/2017,23:09
119247062,Werblin Back Entrance,Busch Student Center,B,03/21/2017,03:32
112832769,Hill Center,Science Building,B,03/21/2017,18:37
177635021,Science Building,Quads,B,03/21/2017,06:20
149733604,Library of Science,Busch Suites,B,03/21/2017,21:06
168666446,Busch Suites,Hill Center,B,03/21/2017,15:24
124485445,Busch Student Center,Werblin Back Entrance,B,03/21/2017,14:53
178041985,Livingston Plaza,Livingston Plaza,B,03/21/2017,15:58
158274183,Livingston Student Center,Livingston Student Center,B,03/21/2017,06:50
102607974,Quads,Werblin Back Entrance,B,03/21/2017,14:33
180291675,Werblin Back Entrance,Livingston Plaza,B,03/21/2017,17:52
113259654,Hill Center,Livingston Student Center,B,03/21/2017,06:26
163245855,Science Building,Library of Science,B,03/21/2017,10:12
195438927,Library of Science,Busch Student Center,B,03/21/2017,19:12
168680948,Busch Suites,Science Building,B,03/21/2017,17:07
122984725,Busch Student Center,Quads,B,03/21/2017,21:28
166796950,Livingston Plaza,Busch Suites,B,03/21/2017,10:31
119885751,Livingston Student Center,Hill Center,B,03/21/2017,10:49
130023619,Quads,Werblin Back Entrance,B,03/21/2017,13:54
116617655,Werblin Back Entrance,Livingston Plaza,B,03/21/2017,02:42
198668737,Hill Center,Livingston Student Center,B,03/21/2017,00:31
189681505,Science Building,Library of Science,B,03/21/2017,08:48
116642149,Library of Science,Busch Student Center,B,03/21/2017,03:25
117413554,Quads,Science Building,B,03/21/2017,02:18
163576404,Werblin Back Entrance,Quads,B,03/21/2017,14:49
136644888,Hill Center,Busch Suites,B,03/21/2017,04:32
107936757,Science Building,Hill Center,B,03/21/2017,03:41
130909665,Library of Science,Werblin Back Entrance,B,03/21/2017,20:19
146097055,Busch Suites,Livingston Plaza,B,03/21/2017,10:31
115221655,Busch Student Center,Livingston Student Center,B,03/21/2017,15:38
199174074,Livingston Plaza,Library of Science,B,03/21/2017,12:51
190276729,Livingston Student Center,Busch Student Center,B,03/21/2017,05:51
159958381,Quads,Science Building,B,03/21/2017,15:28
142272713,Werblin Back Entrance,Quads,B,03/21/2017,03:47